{
    "w": 0.017390005547731832,
    "E": 0.000772889135454748,
    "o": 0.05938680967486498,
    "B": 0.0006164146479086948,
    "h": 0.04599164521069527,
    "i": 0.050759375429712136,
    "r": 0.0490903142292209,
    "q": 0.0007657766587481093,
    "P": 0.00043149025353608636,
    "K": 7.823724377302664e-5,
    "I": 0.0075937542971213435,
    "H": 0.000772889135454748,
    "c": 0.021463083875066975,
    "a": 0.06238827484506655,
    "p": 0.014080333053575917,
    "U": 0.0001588453131149329,
    "x": 0.0016003072589937269,
    "u": 0.024514336382215014,
    "V": 0.00010668715059958179,
    "d": 0.039637832686097954,
    "e": 0.10838703253246845,
    "D": 0.0003413988819186617,
    "j": 0.0010218258201871056,
    "s": 0.04932976761167774,
    "R": 0.00026553246371451467,
    "G": 0.0005049858461713538,
    "O": 0.00041726530012280876,
    "z": 0.0005761106132377416,
    "n": 0.05741665362712604,
    "f": 0.020189950544578634,
    "C": 0.0004504568580871231,
    "t": 0.0704230026979995,
    "M": 0.0007325851007837949,
    "J": 0.00017307026652821047,
    "W": 0.0007183601473705174,
    "T": 0.0015671157010294125,
    "Y": 0.0004054111722784108,
    "v": 0.008980687254915907,
    "b": 0.011299354661280151,
    "X": 4.7416511377591905e-6,
    "A": 0.0010147133434804667,
    "y": 0.018357302379834704,
    "k": 0.004082561629610663,
    " ": 0.17578249097900872,
    "F": 0.000509727497309113,
    "N": 0.0003532530097630597,
    "Q": 2.3708255688795952e-6,
    "m": 0.02440764923161543,
    "S": 0.0008250472979700992,
    "L": 0.00032243227736762495,
    "g": 0.013658326102315349,
    "l": 0.029879514644589537
}
